id;name;designation;mobile_number
1;Oklahoma facilitate;Engineer;Exclusive Moroccan Dirham card
2;zero tolerance;mission-critical;Berkshire Small Plastic Pants Investor
3;Canadian Dollar;Berkshire Designer;Credit Card Account
4;navigate;Re-contextualized;web-enabled invoice withdrawal
5;bypassing optical;installation;Argentine Peso
6;Kentucky Algerian Dinar Clothing;open-source turn-key;Sausages
7;disintermediate Cambridgeshire hacking;bricks-and-clicks Concrete Global;Fiji Dollar Profound Bacon
8;Macao Equatorial Guinea Vision-oriented;Agent;Human deposit
9;even-keeled Saint Helena Pound;Internal AI optical;bypassing Marketing
10;Dynamic Home Loan Account Tools;Branding;Home Gloves Latvia
